id,nombre,email,skills,experience_years,english_level,availability_date,modality,rol,telefono
C001,Ana Rodríguez,ana.rodriguez@example.com,Python;SQL;Git;Django;REST API,4,B2,2026-10-20,remoto,Desarrollador Backend Python,FICTICIO-001
C002,Carlos Méndez,carlos.mendez@example.com,Python;SQL;Git;Flask;REST API,3,B2,2026-10-27,hibrido,Desarrollador Backend Python,FICTICIO-002
C003,María González,maria.gonzalez@example.com,Java;SQL;Git;Spring;REST API,5,C1,2026-10-15,presencial,Desarrollador Backend Java,FICTICIO-003
C004,José Vargas,jose.vargas@example.com,Python;JavaScript;Git;React;REST API,2,B2,2026-11-03,hibrido,Desarrollador Full Stack JavaScript,FICTICIO-004
C005,Sofía Hernández,sofia.hernandez@example.com,Python;SQL;Docker;Git;FastAPI,5,C1,2026-10-20,remoto,Desarrollador Backend Python,FICTICIO-005
C006,Daniel Castro,daniel.castro@example.com,JavaScript;React;Node.js;Git;SQL,4,B2,2026-10-25,remoto,Desarrollador Full Stack JavaScript,FICTICIO-006
C007,Valeria Mora,valeria.mora@example.com,Python;SQL;Git;Django;Docker,3,B1,2026-11-10,hibrido,Desarrollador Backend Python,FICTICIO-007
C008,Andrés Solano,andres.solano@example.com,Python;SQL;Git;Flask;Docker,6,C1,2026-10-18,remoto,Desarrollador Backend Python,FICTICIO-008
C009,Laura Jiménez,laura.jimenez@example.com,Java;Spring;SQL;Git;Docker,4,B2,2026-10-22,presencial,Desarrollador Backend Java,FICTICIO-009
C010,Mateo Rojas,mateo.rojas@example.com,Python;JavaScript;SQL;Git;REST API,2,B1,2026-11-05,hibrido,Desarrollador Backend Python,FICTICIO-010
C011,Camila Soto,camila.soto@example.com,Python;SQL;Git;FastAPI;Docker,4,B2,2026-10-28,remoto,Desarrollador Backend Python,FICTICIO-011
C012,Diego Navarro,diego.navarro@example.com,JavaScript;Node.js;React;Git;MongoDB,3,B2,2026-10-30,remoto,Desarrollador Full Stack JavaScript,FICTICIO-012
C013,Isabella Arias,isabella.arias@example.com,Python;SQL;Git;Django;REST API,5,C1,2026-10-19,hibrido,Desarrollador Backend Python,FICTICIO-013
C014,Kevin Salazar,kevin.salazar@example.com,Java;SQL;Git;Spring;Docker,6,C1,2026-10-21,presencial,Desarrollador Backend Java,FICTICIO-014
C015,Daniela Pérez,daniela.perez@example.com,Python;SQL;Git;Flask;REST API,3,B2,2026-11-02,remoto,Desarrollador Backend Python,FICTICIO-015
C016,Marco Ramírez,marco.ramirez@example.com,Python;JavaScript;Git;React;Node.js,4,B1,2026-11-12,hibrido,Desarrollador Full Stack JavaScript,FICTICIO-016
C017,Lucía Fernández,lucia.fernandez@example.com,Python;SQL;Git;Django;Docker,5,B2,2026-10-26,remoto,Desarrollador Backend Python,FICTICIO-017
C018,Sebastián León,sebastian.leon@example.com,Java;SQL;Git;Spring;REST API,3,B2,2026-10-29,presencial,Desarrollador Backend Java,FICTICIO-018
C019,Natalia Campos,natalia.campos@example.com,Python;SQL;Git;FastAPI;Docker,7,C1,2026-10-17,remoto,Desarrollador Backend Python,FICTICIO-019
C020,Adrián Chaves,adrian.chaves@example.com,JavaScript;React;Node.js;Git;SQL,2,B1,2026-11-08,hibrido,Desarrollador Full Stack JavaScript,FICTICIO-020
C021,Paula Jiménez,paula.jimenez@example.com,Python;SQL;Git;Django;REST API,4,B2,,remoto,Desarrollador Backend Python,FICTICIO-021
C022,Felipe Herrera,felipe.herrera@example.com,Java;SQL;Git;Spring;Docker,5,C1,,presencial,Desarrollador Backend Java,FICTICIO-022
C023,Andrea Solís,andrea.solis@example.com,Python;SQL;Git;Flask;Docker,3,B1,,hibrido,Desarrollador Backend Python,FICTICIO-023
C024,Luis Calderón,luis.calderon@example.com,Python;JavaScript;Git;React;REST API,4,B2,,remoto,Desarrollador Full Stack JavaScript,FICTICIO-024
C025,Emma Villalobos,emma.villalobos@example.com,Python;SQL;Git;FastAPI;Docker,6,C1,,remoto,Desarrollador Backend Python,FICTICIO-025
C026,Ricardo Fuentes,ricardo.fuentes@example.com,JavaScript;Node.js;React;Git;SQL,3,B2,,hibrido,Desarrollador Full Stack JavaScript,FICTICIO-026
C027,Mariana Acosta,mariana.acosta@example.com,Python;SQL;Git;Django;Docker,2,B1,,remoto,Desarrollador Backend Python,FICTICIO-027
C028,Esteban Porras,esteban.porras@example.com,Java;SQL;Git;Spring;REST API,4,B2,,presencial,Desarrollador Backend Java,FICTICIO-028
C029,Gabriela Montero,gabriela.montero@example.com,Python;SQL;Git;Flask;REST API,5,C1,2026-11-15,remoto,Desarrollador Backend Python,FICTICIO-029
C030,Tomas Brenes,tomas.brenes@example.com,Python;JavaScript;Git;React;Node.js,3,B1,2026-11-18,hibrido,Desarrollador Full Stack JavaScript,FICTICIO-030
C031,Andrea Solís,andrea.solis@example.com,Python;SQL;Git;Flask;Docker,3,B1,,hibrido,Desarrollador Backend Python,FICTICIO-023
C032,Ana Rodríguez,ana.rodriguez@example.com,Python;SQL;Git;Django;REST API,4,B2,2026-10-20,remoto,Desarrollador Backend Python,FICTICIO-001
C033,Juan Quesada,juan.quesada@example.com,Python;SQL;Git;Docker;FastAPI,6,C1,2026-10-23,remoto,Desarrollador Backend Python,FICTICIO-033
C034,Carolina Vega,carolina.vega@example.com,Java;SQL;Git;Spring;REST API,5,B2,2026-10-24,presencial,Desarrollador Backend Java,FICTICIO-034
C035,Miguel Alfaro,miguel.alfaro@example.com,Python;SQL;Git;Django;Docker,4,B2,2026-11-01,hibrido,Desarrollador Backend Python,FICTICIO-035
C036,Rebeca Zúñiga,rebeca.zuniga@example.com,JavaScript;React;Node.js;Git;REST API,5,C1,2026-10-31,remoto,Desarrollador Full Stack JavaScript,FICTICIO-036
C037,Pablo Murillo,pablo.murillo@example.com,Python;SQL;Git;Flask;Docker,2,B1,2026-11-20,hibrido,Desarrollador Backend Python,FICTICIO-037
C038,Melissa Vargas,melissa.vargas@example.com,Python;SQL;Git;Django;REST API,6,B2,2026-10-16,remoto,Desarrollador Backend Python,FICTICIO-038
C039,Óscar Valverde,oscar.valverde@example.com,Java;SQL;Git;Spring;Docker,7,C1,2026-10-14,presencial,Desarrollador Backend Java,FICTICIO-039
C040,Patricia Cordero,patricia.cordero@example.com,Python;SQL;Git;FastAPI;REST API,5,B2,2026-10-27,remoto,Desarrollador Backend Python,FICTICIO-040
